((((((贫血:疾病,或,高脂血症:疾病),或,高同型半胱氨酸血症:疾病),或,老年:人群分类),或,营养不良:疾病),或,尿毒症毒素蓄积:症状),导致,慢性肾衰竭:疾病)	5-13--慢性肾衰竭,内科学,第五篇泌尿系统疾病第十三章慢性肾衰竭,第十三章慢性肾衰竭,【定义、病因和发病机制】,（三）慢性肾衰竭进展的危险因素,1.慢性肾衰竭渐进性发展的危险因素
(((甲基胍:化学物质,或,甲状旁腺激素:化学物质),或,酚类:化学物质),是一种,尿毒症毒素:化学物质)	5-13--慢性肾衰竭,内科学,第五篇泌尿系统疾病第十三章慢性肾衰竭,第十三章慢性肾衰竭,【定义、病因和发病机制】,（三）慢性肾衰竭进展的危险因素,1.慢性肾衰竭渐进性发展的危险因素
(高尿酸血症:疾病,导致,痛风:疾病)	5-13--慢性肾衰竭,内科学,第五篇泌尿系统疾病第十三章慢性肾衰竭,第十三章慢性肾衰竭,【预防与治疗】,（三）慢性肾衰竭的药物治疗,8.其他
(营养不良:疾病,并发症,尿毒症:疾病)	5-13--慢性肾衰竭,内科学,第五篇泌尿系统疾病第十三章慢性肾衰竭,第十三章慢性肾衰竭,【预防与治疗】,（三）慢性肾衰竭的药物治疗,7.口服吸附疗法和导泻疗法
(高血脂:症状,同义词,高脂血症:疾病)	5-13--慢性肾衰竭,内科学,第五篇泌尿系统疾病第十三章慢性肾衰竭,第十三章慢性肾衰竭,【预防与治疗】,（三）慢性肾衰竭的药物治疗,6.高脂血症的治疗
((急性出血:症状,或,急性冠脉综合征:疾病),并发症,贫血:疾病)	5-13--慢性肾衰竭,内科学,第五篇泌尿系统疾病第十三章慢性肾衰竭,第十三章慢性肾衰竭,【预防与治疗】,（三）慢性肾衰竭的药物治疗,3.贫血的治疗和重组人促红细胞生成素（rHuEPO）的应用
(轻度低钠血症:疾病,与,中度低钠血症:疾病)	5-13--慢性肾衰竭,内科学,第五篇泌尿系统疾病第十三章慢性肾衰竭,第十三章慢性肾衰竭,【预防与治疗】,（三）慢性肾衰竭的药物治疗,1.纠正酸中毒和水、电解质紊乱
(水潴留:症状,与,钠潴留:症状)	5-13--慢性肾衰竭,内科学,第五篇泌尿系统疾病第十三章慢性肾衰竭,第十三章慢性肾衰竭,【预防与治疗】,（三）慢性肾衰竭的药物治疗,1.纠正酸中毒和水、电解质紊乱
(水紊乱:症状,与,钠紊乱:症状)	5-13--慢性肾衰竭,内科学,第五篇泌尿系统疾病第十三章慢性肾衰竭,第十三章慢性肾衰竭,【预防与治疗】,（三）慢性肾衰竭的药物治疗,1.纠正酸中毒和水、电解质紊乱
(水紊乱:症状,与,电解质紊乱:疾病)	5-13--慢性肾衰竭,内科学,第五篇泌尿系统疾病第十三章慢性肾衰竭,第十三章慢性肾衰竭,【预防与治疗】,（三）慢性肾衰竭的药物治疗
(急性肾损伤:症状,并发症,慢性肾衰竭:疾病)	5-13--慢性肾衰竭,内科学,第五篇泌尿系统疾病第十三章慢性肾衰竭,第十三章慢性肾衰竭,【临床表现与诊断】,（三）鉴别诊断
(慢性肾衰:症状,同义词,慢性肾衰竭:疾病)	5-13--慢性肾衰竭,内科学,第五篇泌尿系统疾病第十三章慢性肾衰竭,第十三章慢性肾衰竭,【临床表现与诊断】,（三）鉴别诊断
(慢性肾衰竭:疾病,导致,慢性病变:症状)	5-13--慢性肾衰竭,内科学,第五篇泌尿系统疾病第十三章慢性肾衰竭,第十三章慢性肾衰竭,【临床表现与诊断】,（三）鉴别诊断
((慢性肾衰竭:疾病,与,急性肾损伤:症状),调查病史,病史:病史)	5-13--慢性肾衰竭,内科学,第五篇泌尿系统疾病第十三章慢性肾衰竭,第十三章慢性肾衰竭,【临床表现与诊断】,（三）鉴别诊断
(急性肾损伤:症状,导致,(无:否定词,否定修饰,((贫血:疾病,与,低钙血症:疾病),与,高磷血症:疾病)))	5-13--慢性肾衰竭,内科学,第五篇泌尿系统疾病第十三章慢性肾衰竭,第十三章慢性肾衰竭,【临床表现与诊断】,（二）诊断
(慢性肾衰竭:疾病,导致,((贫血:疾病,与,低钙血症:疾病),与,高磷血症:疾病))	5-13--慢性肾衰竭,内科学,第五篇泌尿系统疾病第十三章慢性肾衰竭,第十三章慢性肾衰竭,【临床表现与诊断】,（二）诊断
(慢性肾衰竭:疾病,调查病史,(既往病史:病史,或,存在近期急性加重诱因:病史))	5-13--慢性肾衰竭,内科学,第五篇泌尿系统疾病第十三章慢性肾衰竭,第十三章慢性肾衰竭,【临床表现与诊断】,（二）诊断
(慢性肾衰竭:疾病,调查病史,病史:病史)	5-13--慢性肾衰竭,内科学,第五篇泌尿系统疾病第十三章慢性肾衰竭,第十三章慢性肾衰竭,【临床表现与诊断】,（二）诊断
(慢性肾衰竭:疾病,调查病史,病史:病史)	5-13--慢性肾衰竭,内科学,第五篇泌尿系统疾病第十三章慢性肾衰竭,第十三章慢性肾衰竭,【临床表现与诊断】,（二）诊断
(透析相关性淀粉样变骨病:疾病,导致,自发性股骨颈骨折:症状)	5-13--慢性肾衰竭,内科学,第五篇泌尿系统疾病第十三章慢性肾衰竭,第十三章慢性肾衰竭,【临床表现与诊断】,（一）临床表现,9.骨骼病变
(((骨软化症:疾病,条件为,成人:年龄),导致,(脊柱突出:症状,与,骨盆突出:症状)),导致,骨骼变形:症状)	5-13--慢性肾衰竭,内科学,第五篇泌尿系统疾病第十三章慢性肾衰竭,第十三章慢性肾衰竭,【临床表现与诊断】,（一）临床表现,9.骨骼病变
(铝中毒:症状,导致,骨软化症:疾病)	5-13--慢性肾衰竭,内科学,第五篇泌尿系统疾病第十三章慢性肾衰竭,第十三章慢性肾衰竭,【临床表现与诊断】,（一）临床表现,9.骨骼病变
(高转化性骨病:疾病,与,((骨骼囊样缺损:症状,条件为,(指骨:部位,或,肋骨:部位)),与,(骨质疏松:疾病,条件为,((脊柱:部位,或,骨盆:部位),或,股骨:部位))))	5-13--慢性肾衰竭,内科学,第五篇泌尿系统疾病第十三章慢性肾衰竭,第十三章慢性肾衰竭,【临床表现与诊断】,（一）临床表现,9.骨骼病变
((高转化性骨病:疾病,条件为,纤维囊性骨炎:疾病),导致,肋骨骨折:症状)	5-13--慢性肾衰竭,内科学,第五篇泌尿系统疾病第十三章慢性肾衰竭,第十三章慢性肾衰竭,【临床表现与诊断】,（一）临床表现,9.骨骼病变
(肾性骨营养不良:疾病,导致,(少见:否定词,否定修饰,((骨痛:疾病,与,行走不便:症状),与,自发性骨折:疾病)))	5-13--慢性肾衰竭,内科学,第五篇泌尿系统疾病第十三章慢性肾衰竭,第十三章慢性肾衰竭,【临床表现与诊断】,（一）临床表现,9.骨骼病变
(((高转化性骨病:疾病,与,低转化性骨病:疾病),与,混合性骨病:疾病),是一种,肾性骨营养不良:疾病)	5-13--慢性肾衰竭,内科学,第五篇泌尿系统疾病第十三章慢性肾衰竭,第十三章慢性肾衰竭,【临床表现与诊断】,（一）临床表现,9.骨骼病变
((骨软化症:疾病,与,骨再生不良:症状),是一种,低转化性骨病:疾病)	5-13--慢性肾衰竭,内科学,第五篇泌尿系统疾病第十三章慢性肾衰竭,第十三章慢性肾衰竭,【临床表现与诊断】,（一）临床表现,9.骨骼病变
((慢性肾衰竭:疾病,条件为,骨矿化和代谢异常:症状),是一种,肾性骨营养不良:疾病)	5-13--慢性肾衰竭,内科学,第五篇泌尿系统疾病第十三章慢性肾衰竭,第十三章慢性肾衰竭,【临床表现与诊断】,（一）临床表现,9.骨骼病变
(慢性肾脏病-矿物质和骨异常:症状,是一种,临床综合征:疾病)	5-13--慢性肾衰竭,内科学,第五篇泌尿系统疾病第十三章慢性肾衰竭,第十三章慢性肾衰竭,【临床表现与诊断】,（一）临床表现,9.骨骼病变
((慢性肾脏病:疾病,导致,矿物质代谢及内分泌功能紊乱:症状),导致,((矿物质异常:症状,或,骨病:病理概念),或,血管钙化:症状))	5-13--慢性肾衰竭,内科学,第五篇泌尿系统疾病第十三章慢性肾衰竭,第十三章慢性肾衰竭,【临床表现与诊断】,（一）临床表现,9.骨骼病变
(((矿物质异常:症状,或,骨病:病理概念),或,血管钙化:症状),是一种,临床综合征:疾病)	5-13--慢性肾衰竭,内科学,第五篇泌尿系统疾病第十三章慢性肾衰竭,第十三章慢性肾衰竭,【临床表现与诊断】,（一）临床表现,9.骨骼病变
((((肾脏内分泌功能紊乱:症状,与,糖耐量异常和胰岛素抵抗:症状),与,下丘脑-垂体内分泌功能紊乱:症状),与,((继发性甲旁亢:症状,与,轻度甲状腺素水平降低:症状),与,性腺功能减退:症状)),是一种,内分泌功能紊乱:症状)	5-13--慢性肾衰竭,内科学,第五篇泌尿系统疾病第十三章慢性肾衰竭,第十三章慢性肾衰竭,【临床表现与诊断】,（一）临床表现,8.内分泌功能紊乱
(慢性肾衰竭:疾病,导致,(((肾脏内分泌功能紊乱:症状,与,糖耐量异常和胰岛素抵抗:症状),与,下丘脑-垂体内分泌功能紊乱:症状),与,((继发性甲旁亢:症状,与,轻度甲状腺素水平降低:症状),与,性腺功能减退:症状)))	5-13--慢性肾衰竭,内科学,第五篇泌尿系统疾病第十三章慢性肾衰竭
(((继发性甲旁亢:症状,与,轻度甲状腺素水平降低:症状),与,性腺功能减退:症状),是一种,外周内分泌腺功能紊乱:症状)	5-13--慢性肾衰竭,内科学,第五篇泌尿系统疾病第十三章慢性肾衰竭,第十三章慢性肾衰竭,【临床表现与诊断】,（一）临床表现,8.内分泌功能紊乱
(酸中毒:疾病,导致,糖耐量异常和胰岛素抵抗:症状)	5-13--慢性肾衰竭,内科学,第五篇泌尿系统疾病第十三章慢性肾衰竭,第十三章慢性肾衰竭,【临床表现与诊断】,（一）临床表现,8.内分泌功能紊乱
(尿毒症:疾病,导致,(((恶心:症状,与,呕吐:症状),与,头痛:症状),与,惊厥:症状))	5-13--慢性肾衰竭,内科学,第五篇泌尿系统疾病第十三章慢性肾衰竭,第十三章慢性肾衰竭,【临床表现与诊断】,（一）临床表现,7.神经肌肉系统症状
((((恶心:症状,与,呕吐:症状),与,头痛:症状),与,惊厥:症状),是一种,透析失衡综合征:疾病)	5-13--慢性肾衰竭,内科学,第五篇泌尿系统疾病第十三章慢性肾衰竭,第十三章慢性肾衰竭,【临床表现与诊断】,（一）临床表现,7.神经肌肉系统症状
(尿毒症:疾病,导致,((((感觉丧失:症状,与,(((肢体麻木:症状,或,肢体烧灼感:症状),或,肢体疼痛感:症状),与,(肢体深反射迟钝:症状,或,肢体深反射消失:症状))),与,神经肌肉兴奋性增加:症状),与,肌萎缩:疾病),与,肌无力:疾病))	5-13--慢性肾衰竭,内科学,第五篇泌尿系统疾病第十三章慢性肾衰竭,第十三章慢性肾衰竭,【临床表现与诊断】,（一）临床表现,7.神经肌肉系统症状
(((肌肉震颤:症状,或,痉挛:症状),或,不宁腿综合征:疾病),是一种,神经肌肉兴奋性增加:症状)	5-13--慢性肾衰竭,内科学,第五篇泌尿系统疾病第十三章慢性肾衰竭,第十三章慢性肾衰竭,【临床表现与诊断】,（一）临床表现,7.神经肌肉系统症状
(感觉丧失:症状,是一种,感觉神经障碍:症状)	5-13--慢性肾衰竭,内科学,第五篇泌尿系统疾病第十三章慢性肾衰竭,第十三章慢性肾衰竭,【临床表现与诊断】,（一）临床表现,7.神经肌肉系统症状
(感觉神经障碍:症状,是一种,周围神经病变:症状)	5-13--慢性肾衰竭,内科学,第五篇泌尿系统疾病第十三章慢性肾衰竭,第十三章慢性肾衰竭,【临床表现与诊断】,（一）临床表现,7.神经肌肉系统症状
(尿毒症:疾病,导致,(((((反应淡漠:症状,与,谵妄:疾病),与,惊厥:症状),与,幻觉:症状),与,昏迷:症状),与,精神异常:症状))	5-13--慢性肾衰竭,内科学,第五篇泌尿系统疾病第十三章慢性肾衰竭,第十三章慢性肾衰竭,【临床表现与诊断】,（一）临床表现,7.神经肌肉系统症状
((慢性肾衰竭:疾病,条件为,神经肌肉系统:部位),导致,((((((疲乏:症状,与,失眠:疾病),与,注意力不集中:症状),与,性格改变:症状),与,抑郁:症状),与,记忆力减退:症状),与,判断力降低:症状))	5-13--慢性肾衰竭,内科学,第五篇泌尿系统疾病第十三章慢性肾衰竭
((晚期慢性肾衰竭:症状,条件为,重出血:症状),导致,(胃肠道出血:疾病,与,脑出血:疾病))	5-13--慢性肾衰竭,内科学,第五篇泌尿系统疾病第十三章慢性肾衰竭,第十三章慢性肾衰竭,【临床表现与诊断】,（一）临床表现,6.血液系统表现
((晚期慢性肾衰竭:症状,条件为,轻度出血:症状),导致,((皮下血点:症状,与,皮下瘀斑:症状),或,(黏膜血点:症状,与,黏膜瘀斑:症状)))	5-13--慢性肾衰竭,内科学,第五篇泌尿系统疾病第十三章慢性肾衰竭,第十三章慢性肾衰竭,【临床表现与诊断】,（一）临床表现,6.血液系统表现
(晚期慢性肾衰竭:症状,导致,出血:症状)	5-13--慢性肾衰竭,内科学,第五篇泌尿系统疾病第十三章慢性肾衰竭,第十三章慢性肾衰竭,【临床表现与诊断】,（一）临床表现,6.血液系统表现
(((缺铁:症状,与,营养不良:疾病),与,出血:症状),并发症,肾性贫血:疾病)	5-13--慢性肾衰竭,内科学,第五篇泌尿系统疾病第十三章慢性肾衰竭,第十三章慢性肾衰竭,【临床表现与诊断】,（一）临床表现,6.血液系统表现
(慢性肾衰竭:疾病,导致,(轻度贫血:疾病,或,中度贫血:疾病))	5-13--慢性肾衰竭,内科学,第五篇泌尿系统疾病第十三章慢性肾衰竭
((慢性肾衰竭:疾病,条件为,血液系统:部位),导致,(肾性贫血:疾病,与,出血:症状))	5-13--慢性肾衰竭,内科学,第五篇泌尿系统疾病第十三章慢性肾衰竭
((慢性肾衰竭:疾病,条件为,胃肠道:部位),导致,(((食欲不振:症状,与,恶心:症状),与,呕吐:症状),与,口腔有尿味:症状))	5-13--慢性肾衰竭,内科学,第五篇泌尿系统疾病第十三章慢性肾衰竭
((胃黏膜糜烂:症状,或,消化性溃疡:疾病),导致,消化道出血:疾病)	5-13--慢性肾衰竭,内科学,第五篇泌尿系统疾病第十三章慢性肾衰竭,第十三章慢性肾衰竭,【临床表现与诊断】,（一）临床表现,5.胃肠道症状
(尿毒症肺水肿:症状,导致,蝴蝶翼征:症状)	5-13--慢性肾衰竭,内科学,第五篇泌尿系统疾病第十三章慢性肾衰竭,第十三章慢性肾衰竭,【临床表现与诊断】,（一）临床表现,4.呼吸系统症状
((尿毒症:疾病,导致,肺充血:症状),导致,尿毒症肺水肿:症状)	5-13--慢性肾衰竭,内科学,第五篇泌尿系统疾病第十三章慢性肾衰竭,第十三章慢性肾衰竭,【临床表现与诊断】,（一）临床表现,4.呼吸系统症状
((体液过多:疾病,与,心功能不全:疾病),导致,(肺水肿:疾病,或,胸腔积液:疾病))	5-13--慢性肾衰竭,内科学,第五篇泌尿系统疾病第十三章慢性肾衰竭,第十三章慢性肾衰竭,【临床表现与诊断】,（一）临床表现,4.呼吸系统症状
((体液过多:疾病,或,酸中毒:疾病),导致,(气短:症状,与,气促:症状))	5-13--慢性肾衰竭,内科学,第五篇泌尿系统疾病第十三章慢性肾衰竭,第十三章慢性肾衰竭,【临床表现与诊断】,（一）临床表现,4.呼吸系统症状
(酸中毒:疾病,导致,呼吸深长:症状)	5-13--慢性肾衰竭,内科学,第五篇泌尿系统疾病第十三章慢性肾衰竭,第十三章慢性肾衰竭,【临床表现与诊断】,（一）临床表现,4.呼吸系统症状
(血管钙化:症状,导致,慢性肾衰竭心血管病变:症状)	5-13--慢性肾衰竭,内科学,第五篇泌尿系统疾病第十三章慢性肾衰竭,第十三章慢性肾衰竭,【临床表现与诊断】,（一）临床表现,3.心血管系统表现
(高磷血症:疾病,导致,血管钙化:症状)	5-13--慢性肾衰竭,内科学,第五篇泌尿系统疾病第十三章慢性肾衰竭,第十三章慢性肾衰竭,【临床表现与诊断】,（一）临床表现,3.心血管系统表现
(尿毒症性心包炎:疾病,与,透析相关性心包炎:疾病)	5-13--慢性肾衰竭,内科学,第五篇泌尿系统疾病第十三章慢性肾衰竭,第十三章慢性肾衰竭,【临床表现与诊断】,（一）临床表现,3.心血管系统表现
((心包积液:疾病,条件为,重:阶段),导致,心包填塞:疾病)	5-13--慢性肾衰竭,内科学,第五篇泌尿系统疾病第十三章慢性肾衰竭,第十三章慢性肾衰竭,【临床表现与诊断】,（一）临床表现,3.心血管系统表现
((心包积液:疾病,条件为,轻:阶段),导致,(无:否定词,否定修饰,症状:症状))	5-13--慢性肾衰竭,内科学,第五篇泌尿系统疾病第十三章慢性肾衰竭,第十三章慢性肾衰竭,【临床表现与诊断】,（一）临床表现,3.心血管系统表现
((感染:疾病,与,出血:症状),导致,心包积液:疾病)	5-13--慢性肾衰竭,内科学,第五篇泌尿系统疾病第十三章慢性肾衰竭,第十三章慢性肾衰竭,【临床表现与诊断】,（一）临床表现,3.心血管系统表现
(((尿毒症:疾病,与,低蛋白血症:疾病),与,心力衰竭:疾病),导致,心包积液:疾病)	5-13--慢性肾衰竭,内科学,第五篇泌尿系统疾病第十三章慢性肾衰竭,第十三章慢性肾衰竭,【临床表现与诊断】,（一）临床表现,3.心血管系统表现
(慢性肾衰竭:疾病,导致,心包积液:疾病)	5-13--慢性肾衰竭,内科学,第五篇泌尿系统疾病第十三章慢性肾衰竭,第十三章慢性肾衰竭,【临床表现与诊断】,（一）临床表现,3.心血管系统表现
(心包积液:疾病,是一种,心包病变:症状)	5-13--慢性肾衰竭,内科学,第五篇泌尿系统疾病第十三章慢性肾衰竭,第十三章慢性肾衰竭,【临床表现与诊断】,（一）临床表现,3.心血管系统表现
((((心肌损伤:症状,与,缺氧:症状),与,电解质紊乱:疾病),与,尿毒症:疾病),导致,心律失常:疾病)	5-13--慢性肾衰竭,内科学,第五篇泌尿系统疾病第十三章慢性肾衰竭,第十三章慢性肾衰竭,【临床表现与诊断】,（一）临床表现,3.心血管系统表现
(冠状动脉粥样硬化性心脏病:疾病,并发症,尿毒症性心肌病:疾病)	5-13--慢性肾衰竭,内科学,第五篇泌尿系统疾病第十三章慢性肾衰竭,第十三章慢性肾衰竭,【临床表现与诊断】,（一）临床表现,3.心血管系统表现
((潴留:症状,与,贫血:疾病),导致,尿毒症性心肌病:疾病)	5-13--慢性肾衰竭,内科学,第五篇泌尿系统疾病第十三章慢性肾衰竭,第十三章慢性肾衰竭,【临床表现与诊断】,（一）临床表现,3.心血管系统表现
((急性左心衰竭:疾病,导致,((呼吸困难:症状,与,不能平卧:症状),与,肺水肿:疾病)),导致,(无:否定词,否定修饰,发绀:症状))	5-13--慢性肾衰竭,内科学,第五篇泌尿系统疾病第十三章慢性肾衰竭,第十三章慢性肾衰竭,【临床表现与诊断】,（一）临床表现,3.心血管系统表现
(((水潴留:症状,与,钠潴留:症状),条件为,尿毒症:疾病),导致,心力衰竭增加:症状)	5-13--慢性肾衰竭,内科学,第五篇泌尿系统疾病第十三章慢性肾衰竭,第十三章慢性肾衰竭,【临床表现与诊断】,（一）临床表现,3.心血管系统表现
(尿毒症:疾病,导致,心力衰竭:疾病)	5-13--慢性肾衰竭,内科学,第五篇泌尿系统疾病第十三章慢性肾衰竭,第十三章慢性肾衰竭,【临床表现与诊断】,（一）临床表现,3.心血管系统表现
((贫血:疾病,与,血液透析内瘘的使用:事件),导致,左心室肥厚:症状)	5-13--慢性肾衰竭,内科学,第五篇泌尿系统疾病第十三章慢性肾衰竭,第十三章慢性肾衰竭,【临床表现与诊断】,（一）临床表现,3.心血管系统表现
(高血压:症状,导致,((动脉硬化:疾病,与,左心室肥厚:症状),与,心力衰竭:疾病))	5-13--慢性肾衰竭,内科学,第五篇泌尿系统疾病第十三章慢性肾衰竭,第十三章慢性肾衰竭,【临床表现与诊断】,（一）临床表现,3.心血管系统表现
((心血管病变:症状,条件为,(水潴留:症状,与,钠潴留:症状)),导致,高血压:症状)	5-13--慢性肾衰竭,内科学,第五篇泌尿系统疾病第十三章慢性肾衰竭,第十三章慢性肾衰竭,【临床表现与诊断】,（一）临床表现,3.心血管系统表现
((维生素B6缺乏:疾病,与,叶酸缺乏:疾病),是一种,维生素代谢紊乱:症状)	5-13--慢性肾衰竭,内科学,第五篇泌尿系统疾病第十三章慢性肾衰竭,第十三章慢性肾衰竭,【临床表现与诊断】,（一）临床表现,2.蛋白质、糖类、脂类和维生素代谢紊乱
(慢性肾衰竭:疾病,导致,维生素代谢紊乱:症状)	5-13--慢性肾衰竭,内科学,第五篇泌尿系统疾病第十三章慢性肾衰竭,第十三章慢性肾衰竭,【临床表现与诊断】,（一）临床表现,2.蛋白质、糖类、脂类和维生素代谢紊乱
(高脂血症:疾病,导致,(轻度高甘油三酯血症:疾病,与,中度高甘油三酯血症:疾病))	5-13--慢性肾衰竭,内科学,第五篇泌尿系统疾病第十三章慢性肾衰竭,第十三章慢性肾衰竭,【临床表现与诊断】,（一）临床表现,2.蛋白质、糖类、脂类和维生素代谢紊乱
(慢性肾衰竭:疾病,导致,(高脂血症:疾病,或,轻度高胆固醇血症:疾病))	5-13--慢性肾衰竭,内科学,第五篇泌尿系统疾病第十三章慢性肾衰竭,第十三章慢性肾衰竭,【临床表现与诊断】,（一）临床表现,2.蛋白质、糖类、脂类和维生素代谢紊乱
(糖耐量减低:症状,导致,(无:否定词,否定修饰,自觉症状:症状))	5-13--慢性肾衰竭,内科学,第五篇泌尿系统疾病第十三章慢性肾衰竭,第十三章慢性肾衰竭,【临床表现与诊断】,（一）临床表现,2.蛋白质、糖类、脂类和维生素代谢紊乱
(糖代谢异常:症状,导致,(糖耐量减低:症状,与,低血糖症:疾病))	5-13--慢性肾衰竭,内科学,第五篇泌尿系统疾病第十三章慢性肾衰竭,第十三章慢性肾衰竭,【临床表现与诊断】,（一）临床表现,2.蛋白质、糖类、脂类和维生素代谢紊乱
(慢性肾衰竭:疾病,导致,氮质血症:疾病)	5-13--慢性肾衰竭,内科学,第五篇泌尿系统疾病第十三章慢性肾衰竭,第十三章慢性肾衰竭,【临床表现与诊断】,（一）临床表现,2.蛋白质、糖类、脂类和维生素代谢紊乱
(利尿剂:化学物质,导致,低镁血症:疾病)	5-13--慢性肾衰竭,内科学,第五篇泌尿系统疾病第十三章慢性肾衰竭,第十三章慢性肾衰竭,【临床表现与诊断】,（一）临床表现,1.水、电解质代谢紊乱
(镁代谢紊乱:疾病,导致,(无:否定词,否定修饰,症状:症状))	5-13--慢性肾衰竭,内科学,第五篇泌尿系统疾病第十三章慢性肾衰竭,第十三章慢性肾衰竭,【临床表现与诊断】,（一）临床表现,1.水、电解质代谢紊乱
(轻度高镁血症:疾病,是一种,镁代谢紊乱:疾病)	5-13--慢性肾衰竭,内科学,第五篇泌尿系统疾病第十三章慢性肾衰竭,第十三章慢性肾衰竭,【临床表现与诊断】,（一）临床表现,1.水、电解质代谢紊乱
((慢性肾衰竭:疾病,条件为,(中期:阶段,或,晚期:状态修饰语)),导致,(高磷血症:疾病,与,低钙血症:疾病))	5-13--慢性肾衰竭,内科学,第五篇泌尿系统疾病第十三章慢性肾衰竭,第十三章慢性肾衰竭,【临床表现与诊断】,（一）临床表现,1.水、电解质代谢紊乱
((慢性肾衰竭:疾病,条件为,早期:状态修饰语),导致,(无:否定词,否定修饰,临床症状:症状))	5-13--慢性肾衰竭,内科学,第五篇泌尿系统疾病第十三章慢性肾衰竭,第十三章慢性肾衰竭,【临床表现与诊断】,（一）临床表现,1.水、电解质代谢紊乱
(钙缺乏:症状,导致,(((钙摄入不足:症状,与,活性维生素D缺乏:症状),与,高磷血症:疾病),与,代谢性酸中毒:疾病))	5-13--慢性肾衰竭,内科学,第五篇泌尿系统疾病第十三章慢性肾衰竭,第十三章慢性肾衰竭,【临床表现与诊断】,（一）临床表现,1.水、电解质代谢紊乱
(钙磷代谢紊乱:症状,导致,(钙缺乏:症状,与,磷增多:症状))	5-13--慢性肾衰竭,内科学,第五篇泌尿系统疾病第十三章慢性肾衰竭,第十三章慢性肾衰竭,【临床表现与诊断】,（一）临床表现,1.水、电解质代谢紊乱
(钙缺乏:症状,导致,低钙血症:疾病)	5-13--慢性肾衰竭,内科学,第五篇泌尿系统疾病第十三章慢性肾衰竭,第十三章慢性肾衰竭,【临床表现与诊断】,（一）临床表现,1.水、电解质代谢紊乱
((钾摄入不足:症状,与,排钾利尿剂:化学物质),导致,低钾血症:疾病)	5-13--慢性肾衰竭,内科学,第五篇泌尿系统疾病第十三章慢性肾衰竭,第十三章慢性肾衰竭,【临床表现与诊断】,（一）临床表现,1.水、电解质代谢紊乱
(((ACEI:化学物质,与,ARB:化学物质),与,保钾利尿剂:化学物质),导致,高钾血症:疾病)	5-13--慢性肾衰竭,内科学,第五篇泌尿系统疾病第十三章慢性肾衰竭,第十三章慢性肾衰竭,【临床表现与诊断】,（一）临床表现,1.水、电解质代谢紊乱
(((((((钾摄入过多:症状,与,酸中毒:疾病),与,感染:疾病),与,创伤:病史),与,溶血:症状),与,出血:症状),与,输血:事件),导致,高钾血症:疾病)	5-13--慢性肾衰竭,内科学,第五篇泌尿系统疾病第十三章慢性肾衰竭,第十三章慢性肾衰竭,【临床表现与诊断】,（一）临床表现,1.水、电解质代谢紊乱
((高氯血症性高阴离子间隙性代谢性酸中毒:症状,或,正氯血症性高阴离子间隙性代谢性酸中毒:症状),同义词,尿毒症性酸中毒:症状)	5-13--慢性肾衰竭,内科学,第五篇泌尿系统疾病第十三章慢性肾衰竭,第十三章慢性肾衰竭,【临床表现与诊断】,（一）临床表现,1.水、电解质代谢紊乱
(慢性肾脏病:疾病,条件为,3期:阶段)	5-13--慢性肾衰竭,内科学,第五篇泌尿系统疾病第十三章慢性肾衰竭,第十三章慢性肾衰竭,【定义、病因和发病机制】,（一）定义和分期
((心血管事件:症状,与,动脉粥样硬化性心血管病:疾病),并发症,终末期肾病:疾病)	5-13--慢性肾衰竭,内科学,第五篇泌尿系统疾病第十三章慢性肾衰竭,第十三章慢性肾衰竭,【临床表现与诊断】,（一）临床表现,3.心血管系统表现
(心血管病变:症状,并发症,慢性肾脏病:疾病)	5-13--慢性肾衰竭,内科学,第五篇泌尿系统疾病第十三章慢性肾衰竭,第十三章慢性肾衰竭,【临床表现与诊断】,（一）临床表现,3.心血管系统表现
(((蛋白质代谢紊乱:症状,与,糖类代谢紊乱:症状),与,脂类代谢紊乱:症状),与,维生素代谢紊乱:症状)	5-13--慢性肾衰竭,内科学,第五篇泌尿系统疾病第十三章慢性肾衰竭,第十三章慢性肾衰竭,【临床表现与诊断】,（一）临床表现
(((低钠饮食:事件,与,进食差:事件),与,呕吐:症状),导致,(低钠血症:疾病,与,低血容量:疾病))	5-13--慢性肾衰竭,内科学,第五篇泌尿系统疾病第十三章慢性肾衰竭,第十三章慢性肾衰竭,【临床表现与诊断】,（一）临床表现,1.水、电解质代谢紊乱
(((水潴留:症状,与,钠潴留:症状),导致,(皮下水肿:症状,与,体腔积液:症状)),导致,((血压升高:症状,与,左心衰竭:疾病),与,脑水肿:疾病))	5-13--慢性肾衰竭,内科学,第五篇泌尿系统疾病第十三章慢性肾衰竭,第十三章慢性肾衰竭,【临床表现与诊断】,（一）临床表现,1.水、电解质代谢紊乱
((水潴留:症状,与,钠潴留:症状),是一种,(水代谢紊乱:症状,与,钠代谢紊乱:症状))	5-13--慢性肾衰竭,内科学,第五篇泌尿系统疾病第十三章慢性肾衰竭,第十三章慢性肾衰竭,【临床表现与诊断】,（一）临床表现,1.水、电解质代谢紊乱
(水代谢紊乱:症状,与,电解质代谢紊乱:疾病)	5-13--慢性肾衰竭,内科学,第五篇泌尿系统疾病第十三章慢性肾衰竭,第十三章慢性肾衰竭,【临床表现与诊断】,（一）临床表现
(轻度慢性酸中毒:症状,导致,(((食欲不振:症状,与,呕吐:症状),与,虚弱无力:症状),与,呼吸深长:症状))	5-13--慢性肾衰竭,内科学,第五篇泌尿系统疾病第十三章慢性肾衰竭,第十三章慢性肾衰竭,【临床表现与诊断】,（一）临床表现,1.水、电解质代谢紊乱
(慢性肾衰竭:疾病,导致,代谢性酸中毒:疾病)	5-13--慢性肾衰竭,内科学,第五篇泌尿系统疾病第十三章慢性肾衰竭,第十三章慢性肾衰竭,【临床表现与诊断】,（一）临床表现,1.水、电解质代谢紊乱
((肾小管性酸中毒:疾病,与,尿毒症性酸中毒:症状),是一种,代谢性酸中毒:疾病)	5-13--慢性肾衰竭,内科学,第五篇泌尿系统疾病第十三章慢性肾衰竭,第十三章慢性肾衰竭,【临床表现与诊断】,（一）临床表现,1.水、电解质代谢紊乱
(肾小管性酸中毒:疾病,同义词,高氯血症性代谢性酸中毒:症状)	5-13--慢性肾衰竭,内科学,第五篇泌尿系统疾病第十三章慢性肾衰竭,第十三章慢性肾衰竭,【临床表现与诊断】,（一）临床表现,1.水、电解质代谢紊乱
(慢性肾衰竭:疾病,导致,(代谢性酸中毒:疾病,与,(水平衡紊乱:症状,与,钠平衡紊乱:症状)))	5-13--慢性肾衰竭,内科学,第五篇泌尿系统疾病第十三章慢性肾衰竭,第十三章慢性肾衰竭,【临床表现与诊断】,（一）临床表现,1.水、电解质代谢紊乱
(慢性肾衰竭:疾病,导致,(电解质代谢紊乱:疾病,与,酸碱平衡失调:症状))	5-13--慢性肾衰竭,内科学,第五篇泌尿系统疾病第十三章慢性肾衰竭,第十三章慢性肾衰竭,【临床表现与诊断】,（一）临床表现,1.水、电解质代谢紊乱
((慢性肾脏病:疾病,条件为,5期:阶段),导致,((((急性左心衰竭:疾病,与,严重高钾血症:疾病),与,消化道出血:疾病),与,中枢神经系统障碍:症状),与,生命危险:症状))	5-13--慢性肾衰竭,内科学,第五篇泌尿系统疾病第十三章慢性肾衰竭,第十三章慢性肾衰竭,【临床表现与诊断】,（一）临床表现
((慢性肾脏病:疾病,条件为,4期:阶段),导致,(((乏力:症状,与,腰酸:症状),与,夜尿增多:症状),或,((食欲减退:症状,与,代谢性酸中毒:疾病),与,轻度贫血:疾病)))	5-13--慢性肾衰竭,内科学,第五篇泌尿系统疾病第十三章慢性肾衰竭,第十三章慢性肾衰竭,【临床表现与诊断】,（一）临床表现
((慢性肾脏病:疾病,与,慢性肾衰竭:疾病),导致,((食欲减退:症状,与,代谢性酸中毒:疾病),与,轻度贫血:疾病))	5-13--慢性肾衰竭,内科学,第五篇泌尿系统疾病第十三章慢性肾衰竭,第十三章慢性肾衰竭,【临床表现与诊断】,（一）临床表现
((慢性肾脏病:疾病,条件为,1～3期:阶段),导致,((乏力:症状,与,腰酸:症状),与,夜尿增多:症状))	5-13--慢性肾衰竭,内科学,第五篇泌尿系统疾病第十三章慢性肾衰竭,第十三章慢性肾衰竭,【临床表现与诊断】,（一）临床表现
(((乏力:症状,与,腰酸:症状),与,夜尿增多:症状),是一种,轻度不适:症状)	5-13--慢性肾衰竭,内科学,第五篇泌尿系统疾病第十三章慢性肾衰竭,第十三章慢性肾衰竭,【临床表现与诊断】,（一）临床表现
((慢性肾脏病:疾病,条件为,1～3期:阶段),导致,(无:否定词,否定修饰,症状:症状))	5-13--慢性肾衰竭,内科学,第五篇泌尿系统疾病第十三章慢性肾衰竭,第十三章慢性肾衰竭,【临床表现与诊断】,（一）临床表现
((((晚期糖基化终产物:化学物质,与,终末氧化蛋白产物:化学物质),与,氨甲酰化蛋白质:化学物质),与,氨甲酰化氨基酸:化学物质),导致,尿毒症:疾病)	5-13--慢性肾衰竭,内科学,第五篇泌尿系统疾病第十三章慢性肾衰竭,第十三章慢性肾衰竭,【定义、病因和发病机制】,（四）慢性肾衰竭的发病机制,2.尿毒症症状的发生机制
(营养素缺乏:症状,导致,尿毒症:疾病)	5-13--慢性肾衰竭,内科学,第五篇泌尿系统疾病第十三章慢性肾衰竭,第十三章慢性肾衰竭,【定义、病因和发病机制】,（四）慢性肾衰竭的发病机制,2.尿毒症症状的发生机制
(((必需氨基酸:化学物质,或,水溶性维生素:化学物质),或,微量元素:化学物质),是一种,营养素:化学物质)	5-13--慢性肾衰竭,内科学,第五篇泌尿系统疾病第十三章慢性肾衰竭,第十三章慢性肾衰竭,【定义、病因和发病机制】,（四）慢性肾衰竭的发病机制,2.尿毒症症状的发生机制
(甲状旁腺激素:化学物质,导致,(肾性骨营养不良:疾病,或,软组织钙化:症状))	5-13--慢性肾衰竭,内科学,第五篇泌尿系统疾病第十三章慢性肾衰竭,第十三章慢性肾衰竭,【定义、病因和发病机制】,（四）慢性肾衰竭的发病机制,2.尿毒症症状的发生机制
(((尿毒症脑病:疾病,或,内分泌紊乱:症状),或,细胞免疫功能低下:症状),并发症,慢性肾衰竭:疾病)	5-13--慢性肾衰竭,内科学,第五篇泌尿系统疾病第十三章慢性肾衰竭,第十三章慢性肾衰竭,【定义、病因和发病机制】,（四）慢性肾衰竭的发病机制,2.尿毒症症状的发生机制
(尿素氮:化学物质,是一种,尿毒症毒素:化学物质)	5-13--慢性肾衰竭,内科学,第五篇泌尿系统疾病第十三章慢性肾衰竭,第十三章慢性肾衰竭,【定义、病因和发病机制】,（四）慢性肾衰竭的发病机制,2.尿毒症症状的发生机制
(((肾脏排泄和代谢功能下降:症状,或,尿毒症毒素:化学物质),或,肾脏的内分泌功能障碍:症状),导致,(尿毒症:疾病,与,体内各器官系统损害:症状))	5-13--慢性肾衰竭,内科学,第五篇泌尿系统疾病第十三章慢性肾衰竭,第十三章慢性肾衰竭,【定义、病因和发病机制】,（四）慢性肾衰竭的发病机制,2.尿毒症症状的发生机制
((肾性贫血:疾病,或,肾性骨病:疾病),是一种,肾脏的内分泌功能障碍:症状)	5-13--慢性肾衰竭,内科学,第五篇泌尿系统疾病第十三章慢性肾衰竭,第十三章慢性肾衰竭,【定义、病因和发病机制】,（四）慢性肾衰竭的发病机制,2.尿毒症症状的发生机制
(肾脏排泄和代谢功能下降:症状,导致,((水平衡失调:症状,与,电解质平衡失调:症状),与,酸碱平衡失调:症状))	5-13--慢性肾衰竭,内科学,第五篇泌尿系统疾病第十三章慢性肾衰竭,第十三章慢性肾衰竭,【定义、病因和发病机制】,（四）慢性肾衰竭的发病机制,2.尿毒症症状的发生机制
((水潴留:症状,与,钠潴留:症状),是一种,((水平衡失调:症状,与,电解质平衡失调:症状),与,酸碱平衡失调:症状))	5-13--慢性肾衰竭,内科学,第五篇泌尿系统疾病第十三章慢性肾衰竭,第十三章慢性肾衰竭,【定义、病因和发病机制】,（四）慢性肾衰竭的发病机制,2.尿毒症症状的发生机制
((血清尿素氮:化学物质,与,肌酐:化学物质),导致,(无:否定词,否定修饰,尿毒症:疾病))	5-13--慢性肾衰竭,内科学,第五篇泌尿系统疾病第十三章慢性肾衰竭,第十三章慢性肾衰竭,【定义、病因和发病机制】,（四）慢性肾衰竭的发病机制,2.尿毒症症状的发生机制
(((肾小球硬化:疾病,与,小管萎缩:症状),与,间质纤维化:症状),导致,慢性肾病:疾病)	5-13--慢性肾衰竭,内科学,第五篇泌尿系统疾病第十三章慢性肾衰竭,第十三章慢性肾衰竭,【定义、病因和发病机制】,（四）慢性肾衰竭的发病机制,1.慢性肾衰竭进展的机制
(((((TGF-β1:化学物质,或,白细胞介素-1:化学物质),或,单个核细胞趋化蛋白-1:化学物质),或,血管紧张素Ⅱ:化学物质),或,内皮素-1:化学物质),导致,(肾小球间质损伤:症状,与,肾小管间质损伤:症状))	5-13--慢性肾衰竭,内科学,第五篇泌尿系统疾病第十三章慢性肾衰竭,第十三章慢性肾衰竭,【定义、病因和发病机制】,（四）慢性肾衰竭的发病机制,1.慢性肾衰竭进展的机制
(肾间质纤维化:症状,与,(局灶节段性肾小球硬化:症状,或,局灶球性肾小球硬化:症状))	5-13--慢性肾衰竭,内科学,第五篇泌尿系统疾病第十三章慢性肾衰竭,第十三章慢性肾衰竭,【定义、病因和发病机制】,（四）慢性肾衰竭的发病机制,1.慢性肾衰竭进展的机制
((慢性肾衰竭:疾病,条件为,残余肾单位肾小管高代谢:症状),导致,((肾小管萎缩:症状,与,间质纤维化:症状),与,肾单位进行性损害:症状))	5-13--慢性肾衰竭,内科学,第五篇泌尿系统疾病第十三章慢性肾衰竭,第十三章慢性肾衰竭,【定义、病因和发病机制】,（四）慢性肾衰竭的发病机制,1.慢性肾衰竭进展的机制
((微动脉瘤:症状,导致,肾小球硬化:疾病),导致,肾单位进行性丧失:症状)	5-13--慢性肾衰竭,内科学,第五篇泌尿系统疾病第十三章慢性肾衰竭,第十三章慢性肾衰竭,【定义、病因和发病机制】,（四）慢性肾衰竭的发病机制,1.慢性肾衰竭进展的机制
(((残余肾单位肾小球高灌注:症状,与,残余肾单位肾小球高滤过:症状),与,状态:修饰语),导致,(肾小球硬化:疾病,与,残余肾单位丧失:症状))	5-13--慢性肾衰竭,内科学,第五篇泌尿系统疾病第十三章慢性肾衰竭,第十三章慢性肾衰竭,【定义、病因和发病机制】,（四）慢性肾衰竭的发病机制,1.慢性肾衰竭进展的机制
(((有效血容量不足:症状,或,肾脏局部血供急剧减少:症状),导致,(残余肾单位低灌注状态:症状,或,残余肾单位低滤过状态:症状)),导致,肾功能急剧恶化:症状)	5-13--慢性肾衰竭,内科学,第五篇泌尿系统疾病第十三章慢性肾衰竭,第十三章慢性肾衰竭,【定义、病因和发病机制】,（三）慢性肾衰竭进展的危险因素,2.慢性肾衰竭急性加重的危险因素
((((((((((累及肾脏的疾病复发:症状,或,累及肾脏的疾病加重:症状),或,有效血容量不足:症状),或,肾脏局部血供急剧减少:症状),或,肾毒性药物:化学物质),或,泌尿道梗阻:疾病),或,感染:疾病),或,高钙血症:疾病),或,肝衰竭:疾病),或,心力衰竭:疾病),导致,慢性肾衰竭急性加重:症状)	5-13--慢性肾衰竭,内科学,第五篇泌尿系统疾病第十三章慢性肾衰竭,第十三章慢性肾衰竭,【定义、病因和发病机制】,（三）慢性肾衰竭进展的危险因素,2.慢性肾衰竭急性加重的危险因素
(慢性肾衰竭:疾病,导致,肾功能急剧恶化:症状)	5-13--慢性肾衰竭,内科学,第五篇泌尿系统疾病第十三章慢性肾衰竭,第十三章慢性肾衰竭,【定义、病因和发病机制】,（三）慢性肾衰竭进展的危险因素,2.慢性肾衰竭急性加重的危险因素
((((非甾体抗炎药:化学物质,或,氨基糖苷类抗生素:化学物质),或,造影剂:化学物质),条件为,不当使用:事件),导致,肾功能恶化:症状)	5-13--慢性肾衰竭,内科学,第五篇泌尿系统疾病第十三章慢性肾衰竭,第十三章慢性肾衰竭,【定义、病因和发病机制】,（三）慢性肾衰竭进展的危险因素,2.慢性肾衰竭急性加重的危险因素
(((非甾体抗炎药:化学物质,或,氨基糖苷类抗生素:化学物质),或,造影剂:化学物质),是一种,肾毒性药物:化学物质)	5-13--慢性肾衰竭,内科学,第五篇泌尿系统疾病第十三章慢性肾衰竭,第十三章慢性肾衰竭,【定义、病因和发病机制】,（三）慢性肾衰竭进展的危险因素,2.慢性肾衰竭急性加重的危险因素
((((低血压:症状,或,脱水:疾病),或,大出血:症状),或,休克:症状),是一种,有效血容量不足:症状)	5-13--慢性肾衰竭,内科学,第五篇泌尿系统疾病第十三章慢性肾衰竭,第十三章慢性肾衰竭,【定义、病因和发病机制】,（三）慢性肾衰竭进展的危险因素,2.慢性肾衰竭急性加重的危险因素
((((原发性或继发性肾小球肾炎:疾病,或,高血压:症状),或,糖尿病:疾病),或,缺血性肾病:疾病),是一种,累及肾脏的疾病:疾病)	5-13--慢性肾衰竭,内科学,第五篇泌尿系统疾病第十三章慢性肾衰竭,第十三章慢性肾衰竭,【定义、病因和发病机制】,（三）慢性肾衰竭进展的危险因素,2.慢性肾衰竭急性加重的危险因素
(((((高血糖:症状,或,高血压:症状),或,蛋白尿:症状),或,低蛋白血症:疾病),或,吸烟:病史),导致,慢性肾衰竭:疾病)	5-13--慢性肾衰竭,内科学,第五篇泌尿系统疾病第十三章慢性肾衰竭,第十三章慢性肾衰竭,【定义、病因和发病机制】,（三）慢性肾衰竭进展的危险因素,1.慢性肾衰竭渐进性发展的危险因素
(微量白蛋白尿:症状,是一种,蛋白尿:症状)	5-13--慢性肾衰竭,内科学,第五篇泌尿系统疾病第十三章慢性肾衰竭,第十三章慢性肾衰竭,【定义、病因和发病机制】,（三）慢性肾衰竭进展的危险因素,1.慢性肾衰竭渐进性发展的危险因素
((((((糖尿病肾病:疾病,或,高血压肾小动脉硬化:症状),或,原发性与继发性肾小球肾炎:疾病),或,肾小管间质疾病:疾病),或,肾血管疾病:疾病),或,遗传性肾病:疾病),导致,(慢性肾脏病:疾病,与,慢性肾衰竭:疾病))	5-13--慢性肾衰竭,内科学,第五篇泌尿系统疾病第十三章慢性肾衰竭,第十三章慢性肾衰竭,【定义、病因和发病机制】,（二）患病率与病因
((多囊肾病:疾病,与,遗传性肾炎:疾病),是一种,遗传性肾病:疾病)	5-13--慢性肾衰竭,内科学,第五篇泌尿系统疾病第十三章慢性肾衰竭,第十三章慢性肾衰竭,【定义、病因和发病机制】,（二）患病率与病因
((((慢性间质性肾炎:疾病,与,慢性肾盂肾炎:疾病),与,尿酸性肾病:疾病),与,梗阻性肾病:疾病),是一种,肾小管间质疾病:疾病)	5-13--慢性肾衰竭,内科学,第五篇泌尿系统疾病第十三章慢性肾衰竭,第十三章慢性肾衰竭,【定义、病因和发病机制】,（二）患病率与病因
(慢性肾脏病:疾病,导致,肾衰竭:疾病)	5-13--慢性肾衰竭,内科学,第五篇泌尿系统疾病第十三章慢性肾衰竭,第十三章慢性肾衰竭,【定义、病因和发病机制】,（一）定义和分期
(慢性肾脏病:疾病,导致,慢性肾衰竭:疾病)	5-13--慢性肾衰竭,内科学,第五篇泌尿系统疾病第十三章慢性肾衰竭,第十三章慢性肾衰竭,【定义、病因和发病机制】,（一）定义和分期
(慢性肾衰竭:疾病,是一种,综合征:病理概念)	5-13--慢性肾衰竭,内科学,第五篇泌尿系统疾病第十三章慢性肾衰竭,第十三章慢性肾衰竭,【定义、病因和发病机制】,（一）定义和分期
(慢性肾衰竭:疾病,是一种,(临床综合征:疾病,导致,((代谢产物潴留:症状,与,((水代谢失衡:症状,与,电解质代谢失衡:症状),与,酸碱代谢失衡:症状)),与,全身系统症状:症状)))	5-13--慢性肾衰竭,内科学,第五篇泌尿系统疾病第十三章慢性肾衰竭,第十三章慢性肾衰竭
(慢性肾脏病:疾病,导致,慢性肾衰竭:疾病)	5-13--慢性肾衰竭,内科学,第五篇泌尿系统疾病第十三章慢性肾衰竭,第十三章慢性肾衰竭
(慢性肾衰竭:疾病,是一种,泌尿系统疾病:疾病)	5-13--慢性肾衰竭,内科学
